name,location,number
AIB Bank,100 101 Grafton Street ,(01) 671 3011
AIB Bank,7/12 Dame St ,(01) 679 3211
AIB IFSC,Dublin 1 ,(01) 829 1880
AIB Bank,61 Richmond St S ,(01) 478 4533
AIB Bank,126 128 Capel St ,(01) 872 1022
AIB Bank,Cabra County Dublin ,(01) 868 0071
AIB Bank,1 4 Baggot Street Lower ,(01) 661 0188
AIB Bank,Dublin 11 ,(01) 834 1200
AIB Bank,County Dublin ,(01) 455 6833
AIB Bank,Dublin 9 ,(01) 837 3756
AIB Bank,Dublin 6 ,(01) 497 3336
AIB Bank,County Dublin ,(01) 821 2566
AIB Bank,2 Hanover Quay ,(01) 604 0034
AIB Bank,Dublin 9 ,(01) 842 6477
AIB Bank,Naas Rd ,(01) 403 4284
AIB Bank,Artane County Dublin ,(01) 831 8466
AIB Bank,Sandymount County Dublin ,(01) 668 4116
AIB Bank,Dublin 11 ,(01) 842 0285
AIB Bank,Clonskeagh County Dublin ,(01) 269 4622
AIB Bank,Dublin 6 ,(01) 497 5741
AIB Bank,Dublin 24 ,(01) 451 2811
AIB Bank,Dublin 5 ,(01) 831 4166
AIB Bank,Dundrum County Dublin ,(01) 298 3777
AIB Bank,County Dublin ,(01) 288 5371
AIB Bank,Dublin 18 ,(01) 289 5590
AIB Bank,Clondalkin County Dublin ,(01) 457 4811
AIB Bank,County Dublin ,086 029 2225
AIB Bank,Blackrock County Dublin ,(01) 288 0705
AIB Bank,Dún Laoghaire County Dublin ,(01) 284 4055
AIB Bank,County Dublin ,(01) 490 4607
AIB,The Park ,(01) 290 3700
AIB Bank,Dublin ,(01) 414 4836
AIB Bank,Malahide County Dublin ,(01) 845 1166
AIB,Tallaght County Dublin ,(0818) 724 724
AIB Bank,Lucan County Dublin ,(01) 628 2991
AIB Bank,Lucan County Dublin ,(01) 654 0430
AIB Bank,Swords County Dublin ,(01) 840 4001
AIB Bank,Leixlip County Kildare ,(01) 624 4949
AIB Bank,Ashbourne County Meath ,(01) 835 0203
